{
 "app": "taq_it",
 "charts": [],
 "content": "[{\"id\":\"1-yKJCCL22\",\"type\":\"header\",\"data\":{\"text\":\"<span class=\\\"h4\\\"><b>\u0625\u062f\u0627\u0631\u0629 \u0627\u0644\u0634\u0624\u0648\u0646 \u0627\u0644\u062b\u0642\u0627\u0641\u064a\u0640\u0640\u0640\u0640\u0640\u0640\u0629 \u0648\u0627\u0644\u062f\u0639\u0648\u064a\u0640\u0640\u0640\u0640\u0640\u0640\u0640\u0629</b></span>\",\"col\":12}},{\"id\":\"Yb48G8zQe_\",\"type\":\"card\",\"data\":{\"card_name\":\"\u0642\u0633\u0645 \u0627\u0644\u0648\u0639\u0640\u0640\u0640\u0640\u0640\u0627\u0638\",\"col\":4}},{\"id\":\"aVPWKOjZm5\",\"type\":\"spacer\",\"data\":{\"col\":8}},{\"id\":\"3jK0z58CLP\",\"type\":\"shortcut\",\"data\":{\"shortcut_name\":\"\u0625\u062d\u0627\u0644\u0627\u062a \u0627\u0644\u0648\u0639\u0627\u0638 \u0627\u0644\u0645\u062a\u0642\u062f\u0645\u064a\u0646 \u0627\u0644\u062c\u062f\u062f\",\"col\":12}},{\"id\":\"tDmlClnNKV\",\"type\":\"shortcut\",\"data\":{\"shortcut_name\":\"\u0627\u0644\u0645\u062d\u0627\u0644 \u0627\u0644\u0649 \u0644\u062c\u0646\u0629 \u0642\u0628\u0648\u0644 \u0627\u0644\u0648\u0639\u0627\u0638\",\"col\":12}}]",
 "creation": "2025-09-22 11:25:42.134543",
 "custom_blocks": [],
 "docstatus": 0,
 "doctype": "Workspace",
 "for_user": "",
 "hide_custom": 0,
 "icon": "education",
 "idx": 0,
 "indicator_color": "green",
 "is_hidden": 0,
 "label": "\u0625\u062f\u0627\u0631\u0629 \u0627\u0644\u0634\u0624\u0648\u0646 \u0627\u0644\u062b\u0642\u0627\u0641\u064a\u0629 \u0648\u0627\u0644\u062f\u0639\u0648\u064a\u0629",
 "link_type": "DocType",
 "links": [
  {
   "description": "\u0641\u064a\u0645\u0627 \u064a\u062e\u0635 \u0627\u0644\u0648\u0639\u0627\u0638",
   "hidden": 0,
   "is_query_report": 0,
   "label": "\u0642\u0633\u0645 \u0627\u0644\u0648\u0639\u0640\u0640\u0640\u0640\u0640\u0627\u0638",
   "link_count": 2,
   "link_type": "DocType",
   "onboard": 0,
   "type": "Card Break"
  },
  {
   "hidden": 0,
   "is_query_report": 0,
   "label": "\u0625\u0636\u0627\u0641\u0629 \u0648\u0627\u0639\u0638 \u062c\u062f\u064a\u062f",
   "link_count": 0,
   "link_to": "taq_data1",
   "link_type": "DocType",
   "onboard": 0,
   "type": "Link"
  },
  {
   "hidden": 0,
   "is_query_report": 0,
   "label": "\u0644\u062c\u0646\u0629 \u0642\u0628\u0648\u0644 \u0627\u0644\u0648\u0639\u0627\u0638",
   "link_count": 0,
   "link_to": "lagna_taq",
   "link_type": "DocType",
   "onboard": 0,
   "type": "Link"
  }
 ],
 "modified": "2025-10-01 15:59:08.573310",
 "modified_by": "Administrator",
 "module": "taqafia",
 "name": "\u0625\u062f\u0627\u0631\u0629 \u0627\u0644\u0634\u0624\u0648\u0646 \u0627\u0644\u062b\u0642\u0627\u0641\u064a\u0629 \u0648\u0627\u0644\u062f\u0639\u0648\u064a\u0629",
 "number_cards": [],
 "owner": "Administrator",
 "parent_page": "",
 "public": 1,
 "quick_lists": [],
 "roles": [],
 "sequence_id": 23.0,
 "shortcuts": [
  {
   "color": "Green",
   "doc_view": "List",
   "label": "\u0627\u0644\u0645\u062d\u0627\u0644 \u0627\u0644\u0649 \u0644\u062c\u0646\u0629 \u0642\u0628\u0648\u0644 \u0627\u0644\u0648\u0639\u0627\u0638",
   "link_to": "lagna_taq",
   "stats_filter": "[[\"lagna_taq\",\"workflow_state_lagna9\",\"=\",\"\u062c\u062f\u064a\u062f\",false]]",
   "type": "DocType"
  },
  {
   "color": "Orange",
   "doc_view": "List",
   "label": "\u0625\u062d\u0627\u0644\u0627\u062a \u0627\u0644\u0648\u0639\u0627\u0638 \u0627\u0644\u0645\u062a\u0642\u062f\u0645\u064a\u0646 \u0627\u0644\u062c\u062f\u062f",
   "link_to": "taq_data1",
   "stats_filter": "[[\"taq_data1\",\"workflow_state_data\",\"=\",\"\u062c\u062f\u064a\u062f\",false]]",
   "type": "DocType"
  }
 ],
 "title": "\u0625\u062f\u0627\u0631\u0629 \u0627\u0644\u0634\u0624\u0648\u0646 \u0627\u0644\u062b\u0642\u0627\u0641\u064a\u0629 \u0648\u0627\u0644\u062f\u0639\u0648\u064a\u0629",
 "type": "Workspace"
}
