{
 "app": "taq_it",
 "charts": [],
 "content": "[{\"id\":\"oASe19qFOX\",\"type\":\"header\",\"data\":{\"text\":\"<span class=\\\"h4\\\">\u0645\u0643\u062a\u0628 \u0627\u0644\u0645\u0639\u0644\u0648\u0645\u0627\u062a \u0648\u0627\u0644\u062a\u0648\u062b\u064a\u0642</span>\",\"col\":12}}]",
 "creation": "2025-09-22 11:49:09.920220",
 "custom_blocks": [],
 "docstatus": 0,
 "doctype": "Workspace",
 "for_user": "",
 "hide_custom": 0,
 "icon": "dialpad",
 "idx": 0,
 "indicator_color": "green",
 "is_hidden": 0,
 "label": "\u0645\u0643\u062a\u0628 \u0627\u0644\u0645\u0639\u0644\u0648\u0645\u0627\u062a \u0648\u0627\u0644\u062a\u0648\u062b\u064a\u0642",
 "link_type": "DocType",
 "links": [],
 "modified": "2025-09-22 11:49:43.082150",
 "modified_by": "Administrator",
 "module": "IT_support",
 "name": "\u0645\u0643\u062a\u0628 \u0627\u0644\u0645\u0639\u0644\u0648\u0645\u0627\u062a \u0648\u0627\u0644\u062a\u0648\u062b\u064a\u0642",
 "number_cards": [],
 "owner": "Administrator",
 "parent_page": "",
 "public": 1,
 "quick_lists": [],
 "roles": [],
 "sequence_id": 24.0,
 "shortcuts": [],
 "title": "\u0645\u0643\u062a\u0628 \u0627\u0644\u0645\u0639\u0644\u0648\u0645\u0627\u062a \u0648\u0627\u0644\u062a\u0648\u062b\u064a\u0642",
 "type": "Workspace"
}
