{
 "actions": [],
 "allow_rename": 1,
 "creation": "2025-09-24 13:07:16.008104",
 "doctype": "DocType",
 "editable_grid": 1,
 "engine": "InnoDB",
 "field_order": [
  "\u0627\u0644\u0644\u063a\u0627\u062a_section",
  "laang"
 ],
 "fields": [
  {
   "fieldname": "\u0627\u0644\u0644\u063a\u0627\u062a_section",
   "fieldtype": "Section Break",
   "label": "\u0627\u0644\u0644\u063a\u0627\u062a"
  },
  {
   "fieldname": "laang",
   "fieldtype": "Link",
   "in_list_view": 1,
   "label": "\u0627\u0644\u0644\u063a\u0627\u062a",
   "options": "Language",
   "reqd": 1
  }
 ],
 "grid_page_length": 50,
 "index_web_pages_for_search": 1,
 "istable": 1,
 "links": [],
 "modified": "2025-09-24 15:11:41.086557",
 "modified_by": "Administrator",
 "module": "taqafia",
 "name": "languu",
 "owner": "Administrator",
 "permissions": [],
 "row_format": "Dynamic",
 "sort_field": "creation",
 "sort_order": "DESC",
 "states": []
}
