{
 "app": "taq_it",
 "charts": [],
 "content": "[{\"id\":\"Wi4l12hJ6v\",\"type\":\"header\",\"data\":{\"text\":\"<span class=\\\"h4\\\">\u0644\u062c\u0646\u0629 \u0631\u0641\u0639 \u0627\u0644\u0643\u0641\u0627\u0626\u0629</span>\",\"col\":12}},{\"id\":\"aIY8DJwHvr\",\"type\":\"shortcut\",\"data\":{\"shortcut_name\":\"\u0625\u064a\u0631\u0627\u062f\u0627\u062a \u0627\u0644\u0645\u0643\u0627\u062a\u0628\",\"col\":3}}]",
 "creation": "2025-09-22 13:59:26.081680",
 "custom_blocks": [],
 "docstatus": 0,
 "doctype": "Workspace",
 "for_user": "",
 "hide_custom": 0,
 "icon": "read-status",
 "idx": 0,
 "indicator_color": "green",
 "is_hidden": 0,
 "label": "\u0644\u062c\u0646\u0629 \u0631\u0641\u0639 \u0627\u0644\u0643\u0641\u0627\u0626\u0629",
 "link_type": "DocType",
 "links": [],
 "modified": "2025-09-22 14:01:42.922885",
 "modified_by": "Administrator",
 "module": "Lagna-waqf",
 "name": "\u0644\u062c\u0646\u0629 \u0631\u0641\u0639 \u0627\u0644\u0643\u0641\u0627\u0626\u0629",
 "number_cards": [],
 "owner": "Administrator",
 "parent_page": "",
 "public": 1,
 "quick_lists": [],
 "roles": [],
 "sequence_id": 25.0,
 "shortcuts": [
  {
   "color": "Grey",
   "doc_view": "List",
   "label": "\u0625\u064a\u0631\u0627\u062f\u0627\u062a \u0627\u0644\u0645\u0643\u0627\u062a\u0628",
   "link_to": "lagnaa_waqf",
   "stats_filter": "[]",
   "type": "DocType"
  }
 ],
 "title": "\u0644\u062c\u0646\u0629 \u0631\u0641\u0639 \u0627\u0644\u0643\u0641\u0627\u0626\u0629",
 "type": "Workspace"
}
